emergenza,5g,1.0
emergenza,coronavirus,1.0
coronavirus,5g,305.0
coronavirus,wuhan,45.0
coronavirus,chine,14.0
coronavirus,china,5.0
coronavirus,covid19,39.0
coronavirus,economiacontagiata,8.0
coronavirus,tecnologia,12.0
coronavirus,germania,8.0
coronavirus,pillolesuldigitale,2.0
coronavirus,19febbraio,2.0
coronavirus,huawei,4.0
coronavirus,barcellona,2.0
coronavirus,coronavirusinformatico,1.0
coronavirus,privacy,1.0
coronavirus,sicurezza,17.0
coronavirus,lavoro,1.0
coronavirus,sicurezzareteinternet,1.0
coronavirus,ia,13.0
coronavirus,covid_19,38.0
coronavirus,smartcity,34.0
coronavirus,coronarovirus,1.0
coronavirus,pd,1.0
coronavirus,wuhancoronavirus,1.0
coronavirus,blackswan,1.0
coronavirus,censorship,1.0
coronavirus,coronavirusitalia,4.0
coronavirus,coronavirusitaly,3.0
coronavirus,diagnosi,1.0
coronavirus,chinatelecom,1.0
coronavirus,zte,1.0
coronavirus,remoto,1.0
coronavirus,viadellaseta,1.0
coronavirus,asiatica,1.0
coronavirus,droni,2.0
coronavirus,bigdata,1.0
coronavirus,robot,2.0
coronavirus,3gpp,2.0
coronavirus,attacco,1.0
coronavirus,psyop,1.0
coronavirus,dazi,10.0
coronavirus,usa,3.0
coronavirus,guerra,1.0
coronavirus,giochimilitari,3.0
coronavirus,fortbragg,1.0
coronavirus,med,1.0
coronavirus,bioterrorismo,1.0
coronavirus,cina,18.0
coronavirus,delta,1.0
coronavirus,madeinitaly,9.0
coronavirus,sars,9.0
coronavirus,çin,1.0
coronavirus,gates,3.0
coronavirus,netflix,3.0
coronavirus,propagandavaccinale,3.0
coronavirus,covid2019,4.0
coronavirus,digiteconomy24,1.0
coronavirus,tlc,1.0
coronavirus,luissbusiness,1.0
coronavirus,telco,1.0
coronavirus,whuan,10.0
coronavirus,vaccini,11.0
coronavirus,autonomousvehicles,1.0
coronavirus,robotics,1.0
coronavirus,iot,1.0
coronavirus,robots,1.0
coronavirus,tech,1.0
coronavirus,driverlesscars,1.0
coronavirus,guidaautonoma,1.0
coronavirus,driverless,1.0
coronavirus,selfdriving,1.0
coronavirus,autonomous,1.0
coronavirus,selfdrivingcars,1.0
coronavirus,startups,1.0
coronavirus,artificialintelligence,1.0
coronavirus,startup,1.0
coronavirus,ai,1.0
coronavirus,mobility,1.0
coronavirus,bigtech,2.0
coronavirus,cybersecurity,16.0
coronavirus,bandalarga,16.0
coronavirus,sicurezzanazionale,16.0
coronavirus,intelligence,16.0
coronavirus,studio,1.0
coronavirus,video,1.0
coronavirus,immunodepressione,1.0
coronavirus,virus,1.0
coronavirus,automazione,1.0
coronavirus,videosorveglianza,1.0
coronavirus,security,1.0
coronavirus,telematica,1.0
coronavirus,fabbriche,1.0
coronavirus,tim,1.0
coronavirus,trasporti,1.0
coronavirus,robotica,3.0
coronavirus,ospedali,1.0
coronavirus,agi,1.0
coronavirus,idiotiallosbando,1.0
coronavirus,tesicomplottiste,1.0
coronavirus,grillo,2.0
coronavirus,umanoidi,2.0
coronavirus,apple,2.0
coronavirus,appleblog,2.0
coronavirus,iphone,2.0
coronavirus,bloomberg,2.0
coronavirus,applenews,2.0
coronavirus,facebook,1.0
coronavirus,iorestoacasa,6.0
coronavirus,twitter,1.0
coronavirus,zonarossa,1.0
coronavirus,4g,2.0
coronavirus,internet,2.0
coronavirus,leolov,2.0
coronavirus,3g,2.0
coronavirus,homeoffice,2.0
coronavirus,vodafone,2.0
coronavirus,madeinchina,1.0
coronavirus,defendereurope20,1.0
coronavirus,coviditaly,1.0
coronavirus,telemedicina,2.0
coronavirus,sanita,2.0
coronavirus,verizon,4.0
coronavirus,ehealth,2.0
coronavirus,rogphone,1.0
coronavirus,smarphone,1.0
coronavirus,googlestadia,1.0
coronavirus,gaming,1.0
coronavirus,snapdragon,3.0
coronavirus,android10,1.0
coronavirus,asus,1.0
coronavirus,game,1.0
coronavirus,iwce2020,2.0
coronavirus,wireless,2.0
coronavirus,uav,2.0
coronavirus,att,2.0
coronavirus,commercialdrones,2.0
coronavirus,tmobile,2.0
coronavirus,sprint,2.0
coronavirus,drones,2.0
coronavirus,drone,2.0
coronavirus,lasvegas,2.0
coronavirus,telecom,2.0
coronavirus,uas,2.0
coronavirus,droneinspections,2.0
coronavirus,lte,2.0
coronavirus,discussion,2.0
coronavirus,iorestocasa,1.0
coronavirus,telelavoro,1.0
coronavirus,didatticaadistanza,1.0
coronavirus,smartworking,3.0
coronavirus,chiusuratotale,1.0
coronavirus,pandemia,17.0
coronavirus,italy,1.0
coronavirus,italexit,6.0
coronavirus,crisieconomica,6.0
coronavirus,italia,8.0
coronavirus,francia,6.0
coronavirus,ue,6.0
coronavirus,eurogroupe,6.0
coronavirus,lezzi,6.0
coronavirus,adessodibba,6.0
coronavirus,svizzera,2.0
coronavirus,oms,2.0
coronavirus,stop5g,4.0
coronavirus,cercasicavieumane,3.0
coronavirus,fotografia,2.0
coronavirus,meizu17,2.0
coronavirus,meizu,2.0
coronavirus,smartphone,2.0
coronavirus,smartphones,2.0
coronavirus,android,2.0
coronavirus,technews,2.0
coronavirus,techno,2.0
coronavirus,flyme8,2.0
coronavirus,selfie,2.0
coronavirus,byoblu24,1.0
coronavirus,ashtar,3.0
coronavirus,vaccino,1.0
coronavirus,mes,1.0
coronavirus,positivo,1.0
coronavirus,fottenasega,1.0
coronavirus,22marzo,1.0
coronavirus,covid19italia,2.0
coronavirus,governo,6.0
coronavirus,5gcoronavirus,3.0
coronavirus,covidiot,1.0
coronavirus,coronavid19,1.0
coronavirus,danni,2.0
coronavirus,bergamo,1.0
coronavirus,restiamoacasa,2.0
coronavirus,stayathome,2.0
coronavirus,sbronzitutti,4.0
coronavirus,fakenews,4.0
coronavirus,sindacati,15.0
coronavirus,boccia,15.0
coronavirus,gunterpauli,16.0
coronavirus,palazzochigi,15.0
coronavirus,confindustria,15.0
coronavirus,decretocuraitalia,15.0
coronavirus,dirittiumani,3.0
coronavirus,lafleacasatua,3.0
coronavirus,europa,3.0
coronavirus,amodeo,3.0
coronavirus,burioni,1.0
coronavirus,montanari,1.0
coronavirus,byoblu,1.0
coronavirus,quarantena,1.0
coronavirus,cavie,1.0
coronavirus,resistenzaitaliana2020,1.0
coronavirus,roma,1.0
coronavirus,covid_19italia,14.0
coronavirus,deglobalizzazione,2.0
coronavirus,economia,2.0
coronavirus,globalizzazione,2.0
coronavirus,epidemia,2.0
coronavirus,rainò,1.0
coronavirus,covidー19,2.0
coronavirus,elettrificazione,1.0
coronavirus,conte,1.0
coronavirus,sciechimiche,1.0
coronavirus,sadefenza,1.0
coronavirus,g5,1.0
coronavirus,novax,2.0
coronavirus,cambioclimático,1.0
coronavirus,coronashow,3.0
coronavirus,29marzo,2.0
coronavirus,usacina,1.0
coronavirus,coronavirusitalla,1.0
coronavirus,sarscov2,1.0
coronavirus,covid19italy,1.0
coronavirus,covid2019italia,1.0
coronavirus,demonescimmia,1.0
coronavirus,complottismo,1.0
coronavirus,granbretagna,1.0
5g,wuhan,45.0
5g,chine,14.0
5g,china,5.0
5g,covid19,126.0
5g,economiacontagiata,8.0
5g,tecnologia,23.0
5g,germania,8.0
5g,pillolesuldigitale,2.0
5g,19febbraio,2.0
5g,huawei,4.0
5g,barcellona,2.0
5g,coronavirusinformatico,1.0
5g,privacy,8.0
5g,sicurezza,17.0
5g,lavoro,1.0
5g,sicurezzareteinternet,1.0
5g,ia,13.0
5g,covid_19,38.0
5g,smartcity,34.0
5g,coronarovirus,1.0
5g,pd,1.0
5g,wuhancoronavirus,1.0
5g,blackswan,1.0
5g,censorship,1.0
5g,coronavirusitalia,5.0
5g,coronavirusitaly,3.0
5g,diagnosi,1.0
5g,chinatelecom,1.0
5g,zte,1.0
5g,remoto,1.0
5g,viadellaseta,1.0
5g,asiatica,1.0
5g,droni,3.0
5g,bigdata,1.0
5g,robot,2.0
5g,3gpp,2.0
5g,assange,1.0
5g,rifiuti,1.0
5g,usa,4.0
5g,turchia,1.0
5g,paesipoveri,1.0
5g,attacco,1.0
5g,psyop,1.0
5g,dazi,10.0
5g,guerra,1.0
5g,giochimilitari,3.0
5g,fortbragg,1.0
5g,med,1.0
5g,bioterrorismo,1.0
5g,cina,26.0
5g,delta,1.0
5g,realtime,6.0
5g,madeinitaly,9.0
5g,sars,9.0
5g,çin,1.0
5g,gates,3.0
5g,netflix,3.0
5g,propagandavaccinale,3.0
5g,covid2019,4.0
5g,digiteconomy24,1.0
5g,tlc,2.0
5g,luissbusiness,1.0
5g,telco,2.0
5g,whuan,10.0
5g,vaccini,16.0
5g,autonomousvehicles,1.0
5g,robotics,1.0
5g,iot,2.0
5g,robots,1.0
5g,tech,1.0
5g,driverlesscars,1.0
5g,guidaautonoma,1.0
5g,driverless,1.0
5g,selfdriving,1.0
5g,autonomous,1.0
5g,selfdrivingcars,1.0
5g,startups,1.0
5g,artificialintelligence,1.0
5g,startup,1.0
5g,ai,1.0
5g,mobility,1.0
5g,bigtech,2.0
5g,armabiologica,5.0
5g,sistemaimmunitario,5.0
5g,resetfinanziarioglobale,5.0
5g,cia,5.0
5g,brevetti,5.0
5g,shanghai,1.0
5g,cybersecurity,17.0
5g,bandalarga,16.0
5g,sicurezzanazionale,16.0
5g,intelligence,16.0
5g,studio,1.0
5g,video,1.0
5g,immunodepressione,1.0
5g,virus,2.0
5g,automazione,1.0
5g,videosorveglianza,1.0
5g,security,1.0
5g,telematica,1.0
5g,fabbriche,1.0
5g,tim,1.0
5g,trasporti,1.0
5g,robotica,3.0
5g,ospedali,1.0
5g,agi,1.0
5g,idiotiallosbando,1.0
5g,ar,30.0
5g,tesicomplottiste,1.0
5g,grillo,2.0
5g,umanoidi,2.0
5g,apple,2.0
5g,appleblog,2.0
5g,iphone,2.0
5g,bloomberg,2.0
5g,applenews,2.0
5g,facebook,1.0
5g,iorestoacasa,6.0
5g,twitter,1.0
5g,zonarossa,1.0
5g,4g,2.0
5g,internet,2.0
5g,leolov,2.0
5g,3g,2.0
5g,homeoffice,2.0
5g,vodafone,3.0
5g,madeinchina,1.0
5g,defendereurope20,1.0
5g,coviditaly,1.0
5g,telemedicina,2.0
5g,sanita,2.0
5g,verizon,4.0
5g,ehealth,2.0
5g,rogphone,1.0
5g,smarphone,1.0
5g,googlestadia,1.0
5g,gaming,1.0
5g,snapdragon,3.0
5g,android10,1.0
5g,asus,1.0
5g,game,1.0
5g,iwce2020,2.0
5g,wireless,2.0
5g,uav,2.0
5g,att,2.0
5g,commercialdrones,2.0
5g,tmobile,2.0
5g,sprint,2.0
5g,drones,2.0
5g,drone,2.0
5g,lasvegas,2.0
5g,telecom,2.0
5g,uas,2.0
5g,droneinspections,2.0
5g,lte,2.0
5g,discussion,2.0
5g,iorestocasa,1.0
5g,telelavoro,1.0
5g,didatticaadistanza,1.0
5g,smartworking,3.0
5g,chiusuratotale,1.0
5g,pandemia,18.0
5g,italy,1.0
5g,italexit,6.0
5g,crisieconomica,6.0
5g,italia,11.0
5g,francia,6.0
5g,ue,6.0
5g,eurogroupe,6.0
5g,lezzi,6.0
5g,adessodibba,6.0
5g,svizzera,2.0
5g,oms,2.0
5g,stop5g,4.0
5g,cercasicavieumane,3.0
5g,sindaci,1.0
5g,comuni,1.0
5g,aerei,1.0
5g,fotografia,2.0
5g,meizu17,2.0
5g,meizu,2.0
5g,smartphone,2.0
5g,smartphones,2.0
5g,android,2.0
5g,technews,2.0
5g,techno,2.0
5g,flyme8,2.0
5g,selfie,2.0
5g,geoingineering,4.0
5g,geoingenieria,4.0
5g,omm,4.0
5g,manipulacionclimatica,4.0
5g,nwo,4.0
5g,fumigaciones,2.0
5g,stopchemtrails,4.0
5g,5gstop,4.0
5g,iran,1.0
5g,eurasia,1.0
5g,guerrabattereologica,1.0
5g,bioterrorism,1.0
5g,greggio,1.0
5g,russia,1.0
5g,oil,1.0
5g,newworldweb2020,1.0
5g,independencedaynet,1.0
5g,whatmediadontsay,1.0
5g,byoblu24,1.0
5g,ashtar,3.0
5g,vaccino,1.0
5g,mes,1.0
5g,positivo,1.0
5g,fottenasega,1.0
5g,daleggere,5.0
5g,fakenews,21.0
5g,22marzo,1.0
5g,covid19italia,2.0
5g,governo,6.0
5g,5gcoronavirus,3.0
5g,covidiot,1.0
5g,coronavid19,1.0
5g,danni,2.0
5g,bergamo,1.0
5g,covid,14.0
5g,moratoria,1.0
5g,pauli,1.0
5g,chigi,1.0
5g,gunter,1.0
5g,conte,2.0
5g,restiamoacasa,2.0
5g,stayathome,2.0
5g,fakenewsmedia,1.0
5g,sbronzitutti,4.0
5g,sindacati,15.0
5g,boccia,15.0
5g,gunterpauli,16.0
5g,palazzochigi,15.0
5g,confindustria,15.0
5g,decretocuraitalia,15.0
5g,dirittiumani,3.0
5g,lafleacasatua,3.0
5g,coronavirusita,1.0
5g,miwuhan,1.0
5g,matrix,1.0
5g,europa,3.0
5g,amodeo,3.0
5g,mauriziomartucci,1.0
5g,burioni,1.0
5g,montanari,1.0
5g,byoblu,1.0
5g,quarantena,3.0
5g,cavie,1.0
5g,resistenzaitaliana2020,1.0
5g,roma,1.0
5g,covid_19italia,14.0
5g,deglobalizzazione,2.0
5g,economia,2.0
5g,globalizzazione,2.0
5g,epidemia,2.0
5g,pandemie,1.0
5g,falsainformazione,1.0
5g,murdrers,1.0
5g,rainò,1.0
5g,ministerodellasalute,2.0
5g,covidー19,2.0
5g,trojan,7.0
5g,report,7.0
5g,elettrificazione,1.0
5g,sciechimiche,1.0
5g,sadefenza,1.0
5g,g5,1.0
5g,novax,2.0
5g,cambioclimático,1.0
5g,coronashow,3.0
5g,29marzo,2.0
5g,usacina,1.0
5g,deeplearning,1.0
5g,checkout,1.0
5g,sensorfusion,1.0
5g,palermo,1.0
5g,amazon,1.0
5g,computervision,1.0
5g,eu,1.0
5g,capacità,1.0
5g,ultrabroadband,1.0
5g,network,1.0
5g,networking,1.0
5g,corona,1.0
5g,febbre,1.0
5g,coronavirusitalla,1.0
5g,sarscov2,1.0
5g,covid19italy,1.0
5g,covid2019italia,1.0
5g,demonescimmia,1.0
5g,complottismo,1.0
5g,granbretagna,1.0
chine,wuhan,3.0
chine,china,3.0
chine,covid19,14.0
chine,ia,11.0
covid19,wuhan,3.0
covid19,china,3.0
covid19,ia,11.0
covid19,assange,1.0
covid19,rifiuti,1.0
covid19,usa,1.0
covid19,turchia,1.0
covid19,paesipoveri,1.0
covid19,realtime,6.0
covid19,cina,11.0
covid19,çin,1.0
covid19,armabiologica,5.0
covid19,sistemaimmunitario,5.0
covid19,resetfinanziarioglobale,5.0
covid19,cia,5.0
covid19,brevetti,5.0
covid19,vaccini,5.0
covid19,shanghai,1.0
covid19,ar,30.0
covid19,coviditaly,1.0
covid19,coronavirusitalia,2.0
covid19,iwce2020,2.0
covid19,wireless,2.0
covid19,uav,2.0
covid19,att,2.0
covid19,commercialdrones,2.0
covid19,tmobile,2.0
covid19,sprint,2.0
covid19,drones,2.0
covid19,drone,2.0
covid19,lasvegas,2.0
covid19,verizon,2.0
covid19,telecom,2.0
covid19,uas,2.0
covid19,droneinspections,2.0
covid19,lte,2.0
covid19,discussion,2.0
covid19,iorestocasa,1.0
covid19,telelavoro,1.0
covid19,didatticaadistanza,1.0
covid19,smartworking,1.0
covid19,chiusuratotale,1.0
covid19,pandemia,2.0
covid19,sindaci,1.0
covid19,comuni,1.0
covid19,aerei,1.0
covid19,geoingineering,4.0
covid19,geoingenieria,4.0
covid19,omm,4.0
covid19,manipulacionclimatica,4.0
covid19,nwo,4.0
covid19,fumigaciones,2.0
covid19,stopchemtrails,4.0
covid19,5gstop,4.0
covid19,iran,1.0
covid19,eurasia,1.0
covid19,italia,3.0
covid19,guerrabattereologica,1.0
covid19,bioterrorism,1.0
covid19,greggio,1.0
covid19,russia,1.0
covid19,oil,1.0
covid19,newworldweb2020,1.0
covid19,independencedaynet,1.0
covid19,whatmediadontsay,1.0
covid19,byoblu24,1.0
covid19,daleggere,5.0
covid19,fakenews,17.0
covid19,22marzo,1.0
covid19,covid19italia,1.0
covid19,governo,1.0
covid19,5gcoronavirus,1.0
covid19,covidiot,1.0
covid19,coronavid19,1.0
covid19,tecnologia,11.0
covid19,coronavirusita,1.0
covid19,miwuhan,1.0
covid19,matrix,1.0
covid19,europa,3.0
covid19,amodeo,3.0
covid19,mauriziomartucci,1.0
covid19,pandemie,1.0
covid19,virus,1.0
covid19,falsainformazione,1.0
covid19,murdrers,1.0
covid19,quarantena,2.0
covid19,ministerodellasalute,2.0
covid19,privacy,7.0
covid19,trojan,7.0
covid19,report,7.0
covid19,elettrificazione,1.0
covid19,cambioclimático,1.0
covid19,eu,1.0
covid19,capacità,1.0
covid19,ultrabroadband,1.0
covid19,telco,1.0
covid19,network,1.0
covid19,networking,1.0
covid19,corona,1.0
covid19,vodafone,1.0
covid19,droni,1.0
covid19,febbre,1.0
covid19,coronavirusitalla,1.0
covid19,sarscov2,1.0
covid19,covid19italy,1.0
covid19,covid2019italia,1.0
covid19,stop5g,1.0
covid19,covidー19,1.0
covid19,demonescimmia,1.0
wuhan,china,3.0
wuhan,covid_19,33.0
wuhan,smartcity,33.0
wuhan,attacco,1.0
wuhan,psyop,1.0
wuhan,dazi,1.0
wuhan,usa,1.0
wuhan,guerra,1.0
wuhan,giochimilitari,3.0
wuhan,fortbragg,1.0
wuhan,med,1.0
wuhan,bioterrorismo,1.0
wuhan,cina,2.0
wuhan,delta,1.0
wuhan,gates,3.0
wuhan,netflix,3.0
wuhan,propagandavaccinale,3.0
wuhan,bigtech,2.0
china,coronarovirus,1.0
china,pd,1.0
china,wuhancoronavirus,1.0
china,blackswan,1.0
china,censorship,1.0
china,italy,1.0
china,huawei,1.0
economiacontagiata,tecnologia,8.0
tecnologia,droni,1.0
tecnologia,bigdata,1.0
tecnologia,robot,1.0
tecnologia,covid2019,1.0
tecnologia,zonarossa,1.0
tecnologia,coronavirusitaly,1.0
tecnologia,fotografia,2.0
tecnologia,meizu17,2.0
tecnologia,meizu,2.0
tecnologia,smartphone,2.0
tecnologia,smartphones,2.0
tecnologia,android,2.0
tecnologia,snapdragon,2.0
tecnologia,technews,2.0
tecnologia,techno,2.0
tecnologia,flyme8,2.0
tecnologia,selfie,2.0
tecnologia,fakenews,11.0
barcellona,germania,2.0
barcellona,pillolesuldigitale,2.0
barcellona,19febbraio,2.0
barcellona,huawei,2.0
germania,pillolesuldigitale,2.0
germania,19febbraio,2.0
germania,huawei,2.0
germania,italexit,6.0
germania,crisieconomica,6.0
germania,italia,6.0
germania,francia,6.0
germania,ue,6.0
germania,eurogroupe,6.0
germania,lezzi,6.0
germania,adessodibba,6.0
huawei,pillolesuldigitale,2.0
huawei,19febbraio,2.0
huawei,italy,1.0
huawei,cina,1.0
pillolesuldigitale,19febbraio,2.0
sicurezzareteinternet,coronavirusinformatico,1.0
sicurezzareteinternet,privacy,1.0
sicurezzareteinternet,sicurezza,1.0
sicurezzareteinternet,lavoro,1.0
lavoro,coronavirusinformatico,1.0
lavoro,privacy,1.0
lavoro,sicurezza,1.0
coronavirusinformatico,privacy,1.0
coronavirusinformatico,sicurezza,1.0
privacy,sicurezza,1.0
privacy,trojan,7.0
privacy,report,7.0
sicurezza,cybersecurity,16.0
sicurezza,bandalarga,16.0
sicurezza,sicurezzanazionale,16.0
sicurezza,intelligence,16.0
ia,grillo,2.0
ia,robotica,2.0
ia,umanoidi,2.0
covid_19,smartcity,33.0
covid_19,5gcoronavirus,1.0
smartcity,autonomousvehicles,1.0
smartcity,robotics,1.0
smartcity,robot,1.0
smartcity,iot,1.0
smartcity,robots,1.0
smartcity,tech,1.0
smartcity,driverlesscars,1.0
smartcity,guidaautonoma,1.0
smartcity,driverless,1.0
smartcity,selfdriving,1.0
smartcity,autonomous,1.0
smartcity,selfdrivingcars,1.0
smartcity,startups,1.0
smartcity,artificialintelligence,1.0
smartcity,startup,1.0
smartcity,ai,1.0
smartcity,mobility,1.0
pd,coronarovirus,1.0
pd,wuhancoronavirus,1.0
pd,blackswan,1.0
pd,censorship,1.0
coronarovirus,wuhancoronavirus,1.0
coronarovirus,blackswan,1.0
coronarovirus,censorship,1.0
censorship,wuhancoronavirus,1.0
censorship,blackswan,1.0
wuhancoronavirus,blackswan,1.0
coronavirusitalia,coronavirusitaly,2.0
coronavirusitalia,coviditaly,1.0
coronavirusitalia,coronavirusita,1.0
coronavirusitalia,miwuhan,1.0
coronavirusitalia,matrix,1.0
coronavirusitalia,usacina,1.0
coronavirusitaly,covid2019,1.0
coronavirusitaly,zonarossa,1.0
diagnosi,chinatelecom,1.0
diagnosi,zte,1.0
diagnosi,remoto,1.0
remoto,chinatelecom,1.0
remoto,zte,1.0
zte,chinatelecom,1.0
asiatica,viadellaseta,1.0
droni,bigdata,1.0
droni,robot,1.0
droni,automazione,1.0
droni,videosorveglianza,1.0
droni,security,1.0
droni,telematica,1.0
droni,fabbriche,1.0
droni,tim,1.0
droni,trasporti,1.0
droni,robotica,1.0
droni,ospedali,1.0
droni,febbre,1.0
droni,cina,1.0
robot,bigdata,1.0
robot,autonomousvehicles,1.0
robot,robotics,1.0
robot,iot,1.0
robot,robots,1.0
robot,tech,1.0
robot,driverlesscars,1.0
robot,guidaautonoma,1.0
robot,driverless,1.0
robot,selfdriving,1.0
robot,autonomous,1.0
robot,selfdrivingcars,1.0
robot,startups,1.0
robot,artificialintelligence,1.0
robot,startup,1.0
robot,ai,1.0
robot,mobility,1.0
assange,rifiuti,1.0
assange,usa,1.0
assange,turchia,1.0
assange,paesipoveri,1.0
turchia,rifiuti,1.0
turchia,usa,1.0
turchia,paesipoveri,1.0
usa,rifiuti,1.0
usa,paesipoveri,1.0
usa,attacco,1.0
usa,psyop,1.0
usa,dazi,1.0
usa,guerra,1.0
usa,giochimilitari,1.0
usa,fortbragg,1.0
usa,med,1.0
usa,bioterrorismo,1.0
usa,cina,1.0
usa,delta,1.0
usa,telemedicina,2.0
usa,sanita,2.0
usa,verizon,2.0
usa,ehealth,2.0
paesipoveri,rifiuti,1.0
cina,attacco,1.0
cina,psyop,1.0
cina,dazi,1.0
cina,guerra,1.0
cina,giochimilitari,1.0
cina,fortbragg,1.0
cina,med,1.0
cina,bioterrorismo,1.0
cina,delta,1.0
cina,realtime,6.0
cina,iran,1.0
cina,eurasia,1.0
cina,italia,1.0
cina,guerrabattereologica,1.0
cina,bioterrorism,1.0
cina,greggio,1.0
cina,russia,1.0
cina,oil,1.0
cina,dirittiumani,3.0
cina,iorestoacasa,3.0
cina,lafleacasatua,3.0
cina,europa,3.0
cina,amodeo,3.0
cina,febbre,1.0
guerra,attacco,1.0
guerra,psyop,1.0
guerra,dazi,1.0
guerra,giochimilitari,1.0
guerra,fortbragg,1.0
guerra,med,1.0
guerra,bioterrorismo,1.0
guerra,delta,1.0
dazi,attacco,1.0
dazi,psyop,1.0
dazi,giochimilitari,1.0
dazi,fortbragg,1.0
dazi,med,1.0
dazi,bioterrorismo,1.0
dazi,delta,1.0
dazi,madeinitaly,9.0
dazi,sars,9.0
attacco,psyop,1.0
attacco,giochimilitari,1.0
attacco,fortbragg,1.0
attacco,med,1.0
attacco,bioterrorismo,1.0
attacco,delta,1.0
bioterrorismo,psyop,1.0
bioterrorismo,giochimilitari,1.0
bioterrorismo,fortbragg,1.0
bioterrorismo,med,1.0
bioterrorismo,delta,1.0
giochimilitari,psyop,1.0
giochimilitari,fortbragg,1.0
giochimilitari,med,1.0
giochimilitari,delta,1.0
fortbragg,psyop,1.0
fortbragg,med,1.0
fortbragg,delta,1.0
psyop,med,1.0
psyop,delta,1.0
med,delta,1.0
sars,madeinitaly,9.0
gates,netflix,3.0
gates,propagandavaccinale,3.0
netflix,propagandavaccinale,3.0
telco,covid2019,1.0
telco,digiteconomy24,1.0
telco,tlc,1.0
telco,luissbusiness,1.0
telco,capacità,1.0
telco,ultrabroadband,1.0
telco,network,1.0
telco,networking,1.0
digiteconomy24,covid2019,1.0
digiteconomy24,tlc,1.0
digiteconomy24,luissbusiness,1.0
luissbusiness,covid2019,1.0
luissbusiness,tlc,1.0
covid2019,tlc,1.0
covid2019,facebook,1.0
covid2019,iorestoacasa,1.0
covid2019,twitter,1.0
covid2019,zonarossa,1.0
tlc,covid,1.0
tlc,deeplearning,1.0
tlc,checkout,1.0
tlc,cybersecurity,1.0
tlc,sensorfusion,1.0
tlc,iot,1.0
tlc,palermo,1.0
tlc,amazon,1.0
tlc,computervision,1.0
vaccini,whuan,10.0
vaccini,armabiologica,5.0
vaccini,sistemaimmunitario,5.0
vaccini,resetfinanziarioglobale,5.0
vaccini,cia,5.0
vaccini,brevetti,5.0
vaccini,burioni,1.0
vaccini,montanari,1.0
vaccini,byoblu,1.0
guidaautonoma,autonomousvehicles,1.0
guidaautonoma,robotics,1.0
guidaautonoma,iot,1.0
guidaautonoma,robots,1.0
guidaautonoma,tech,1.0
guidaautonoma,driverlesscars,1.0
guidaautonoma,driverless,1.0
guidaautonoma,selfdriving,1.0
guidaautonoma,autonomous,1.0
guidaautonoma,selfdrivingcars,1.0
guidaautonoma,startups,1.0
guidaautonoma,artificialintelligence,1.0
guidaautonoma,startup,1.0
guidaautonoma,ai,1.0
guidaautonoma,mobility,1.0
selfdrivingcars,autonomousvehicles,1.0
selfdrivingcars,robotics,1.0
selfdrivingcars,iot,1.0
selfdrivingcars,robots,1.0
selfdrivingcars,tech,1.0
selfdrivingcars,driverlesscars,1.0
selfdrivingcars,driverless,1.0
selfdrivingcars,selfdriving,1.0
selfdrivingcars,autonomous,1.0
selfdrivingcars,startups,1.0
selfdrivingcars,artificialintelligence,1.0
selfdrivingcars,startup,1.0
selfdrivingcars,ai,1.0
selfdrivingcars,mobility,1.0
ai,autonomousvehicles,1.0
ai,robotics,1.0
ai,iot,1.0
ai,robots,1.0
ai,tech,1.0
ai,driverlesscars,1.0
ai,driverless,1.0
ai,selfdriving,1.0
ai,autonomous,1.0
ai,startups,1.0
ai,artificialintelligence,1.0
ai,startup,1.0
ai,mobility,1.0
iot,autonomousvehicles,1.0
iot,robotics,1.0
iot,robots,1.0
iot,tech,1.0
iot,driverlesscars,1.0
iot,driverless,1.0
iot,selfdriving,1.0
iot,autonomous,1.0
iot,startups,1.0
iot,artificialintelligence,1.0
iot,startup,1.0
iot,mobility,1.0
iot,covid,1.0
iot,deeplearning,1.0
iot,checkout,1.0
iot,cybersecurity,1.0
iot,sensorfusion,1.0
iot,palermo,1.0
iot,amazon,1.0
iot,computervision,1.0
autonomousvehicles,robotics,1.0
autonomousvehicles,robots,1.0
autonomousvehicles,tech,1.0
autonomousvehicles,driverlesscars,1.0
autonomousvehicles,driverless,1.0
autonomousvehicles,selfdriving,1.0
autonomousvehicles,autonomous,1.0
autonomousvehicles,startups,1.0
autonomousvehicles,artificialintelligence,1.0
autonomousvehicles,startup,1.0
autonomousvehicles,mobility,1.0
selfdriving,robotics,1.0
selfdriving,robots,1.0
selfdriving,tech,1.0
selfdriving,driverlesscars,1.0
selfdriving,driverless,1.0
selfdriving,autonomous,1.0
selfdriving,startups,1.0
selfdriving,artificialintelligence,1.0
selfdriving,startup,1.0
selfdriving,mobility,1.0
autonomous,robotics,1.0
autonomous,robots,1.0
autonomous,tech,1.0
autonomous,driverlesscars,1.0
autonomous,driverless,1.0
autonomous,startups,1.0
autonomous,artificialintelligence,1.0
autonomous,startup,1.0
autonomous,mobility,1.0
robotics,robots,1.0
robotics,tech,1.0
robotics,driverlesscars,1.0
robotics,driverless,1.0
robotics,startups,1.0
robotics,artificialintelligence,1.0
robotics,startup,1.0
robotics,mobility,1.0
tech,robots,1.0
tech,driverlesscars,1.0
tech,driverless,1.0
tech,startups,1.0
tech,artificialintelligence,1.0
tech,startup,1.0
tech,mobility,1.0
driverless,robots,1.0
driverless,driverlesscars,1.0
driverless,startups,1.0
driverless,artificialintelligence,1.0
driverless,startup,1.0
driverless,mobility,1.0
driverlesscars,robots,1.0
driverlesscars,startups,1.0
driverlesscars,artificialintelligence,1.0
driverlesscars,startup,1.0
driverlesscars,mobility,1.0
startups,robots,1.0
startups,artificialintelligence,1.0
startups,startup,1.0
startups,mobility,1.0
startup,robots,1.0
startup,artificialintelligence,1.0
startup,mobility,1.0
artificialintelligence,robots,1.0
artificialintelligence,mobility,1.0
robots,mobility,1.0
armabiologica,sistemaimmunitario,5.0
armabiologica,resetfinanziarioglobale,5.0
armabiologica,cia,5.0
armabiologica,brevetti,5.0
brevetti,sistemaimmunitario,5.0
brevetti,resetfinanziarioglobale,5.0
brevetti,cia,5.0
cia,sistemaimmunitario,5.0
cia,resetfinanziarioglobale,5.0
sistemaimmunitario,resetfinanziarioglobale,5.0
bandalarga,cybersecurity,16.0
bandalarga,sicurezzanazionale,16.0
bandalarga,intelligence,16.0
intelligence,cybersecurity,16.0
intelligence,sicurezzanazionale,16.0
sicurezzanazionale,cybersecurity,16.0
cybersecurity,covid,1.0
cybersecurity,deeplearning,1.0
cybersecurity,checkout,1.0
cybersecurity,sensorfusion,1.0
cybersecurity,palermo,1.0
cybersecurity,amazon,1.0
cybersecurity,computervision,1.0
studio,video,1.0
immunodepressione,virus,1.0
virus,pandemie,1.0
virus,falsainformazione,1.0
virus,murdrers,1.0
telematica,automazione,1.0
telematica,videosorveglianza,1.0
telematica,security,1.0
telematica,fabbriche,1.0
telematica,tim,1.0
telematica,trasporti,1.0
telematica,robotica,1.0
telematica,ospedali,1.0
ospedali,automazione,1.0
ospedali,videosorveglianza,1.0
ospedali,security,1.0
ospedali,fabbriche,1.0
ospedali,tim,1.0
ospedali,trasporti,1.0
ospedali,robotica,1.0
fabbriche,automazione,1.0
fabbriche,videosorveglianza,1.0
fabbriche,security,1.0
fabbriche,tim,1.0
fabbriche,trasporti,1.0
fabbriche,robotica,1.0
automazione,videosorveglianza,1.0
automazione,security,1.0
automazione,tim,1.0
automazione,trasporti,1.0
automazione,robotica,1.0
trasporti,videosorveglianza,1.0
trasporti,security,1.0
trasporti,tim,1.0
trasporti,robotica,1.0
videosorveglianza,security,1.0
videosorveglianza,tim,1.0
videosorveglianza,robotica,1.0
security,tim,1.0
security,robotica,1.0
robotica,tim,1.0
robotica,grillo,2.0
robotica,umanoidi,2.0
idiotiallosbando,agi,1.0
umanoidi,grillo,2.0
apple,appleblog,2.0
apple,iphone,2.0
apple,bloomberg,2.0
apple,applenews,2.0
bloomberg,appleblog,2.0
bloomberg,iphone,2.0
bloomberg,applenews,2.0
iphone,appleblog,2.0
iphone,applenews,2.0
appleblog,applenews,2.0
twitter,facebook,1.0
twitter,iorestoacasa,1.0
facebook,iorestoacasa,1.0
iorestoacasa,4g,2.0
iorestoacasa,internet,2.0
iorestoacasa,leolov,2.0
iorestoacasa,3g,2.0
iorestoacasa,homeoffice,2.0
iorestoacasa,vodafone,2.0
iorestoacasa,dirittiumani,3.0
iorestoacasa,lafleacasatua,3.0
homeoffice,4g,2.0
homeoffice,internet,2.0
homeoffice,leolov,2.0
homeoffice,3g,2.0
homeoffice,vodafone,2.0
vodafone,4g,2.0
vodafone,internet,2.0
vodafone,leolov,2.0
vodafone,3g,2.0
vodafone,corona,1.0
4g,internet,2.0
4g,leolov,2.0
4g,3g,2.0
3g,internet,2.0
3g,leolov,2.0
internet,leolov,2.0
madeinchina,defendereurope20,1.0
verizon,telemedicina,2.0
verizon,sanita,2.0
verizon,ehealth,2.0
verizon,iwce2020,2.0
verizon,wireless,2.0
verizon,uav,2.0
verizon,att,2.0
verizon,commercialdrones,2.0
verizon,tmobile,2.0
verizon,sprint,2.0
verizon,drones,2.0
verizon,drone,2.0
verizon,lasvegas,2.0
verizon,telecom,2.0
verizon,uas,2.0
verizon,droneinspections,2.0
verizon,lte,2.0
ehealth,telemedicina,2.0
ehealth,sanita,2.0
telemedicina,sanita,2.0
game,rogphone,1.0
game,smarphone,1.0
game,googlestadia,1.0
game,gaming,1.0
game,snapdragon,1.0
game,android10,1.0
game,asus,1.0
rogphone,smarphone,1.0
rogphone,googlestadia,1.0
rogphone,gaming,1.0
rogphone,snapdragon,1.0
rogphone,android10,1.0
rogphone,asus,1.0
gaming,smarphone,1.0
gaming,googlestadia,1.0
gaming,snapdragon,1.0
gaming,android10,1.0
gaming,asus,1.0
googlestadia,smarphone,1.0
googlestadia,snapdragon,1.0
googlestadia,android10,1.0
googlestadia,asus,1.0
smarphone,snapdragon,1.0
smarphone,android10,1.0
smarphone,asus,1.0
asus,snapdragon,1.0
asus,android10,1.0
snapdragon,android10,1.0
snapdragon,fotografia,2.0
snapdragon,meizu17,2.0
snapdragon,meizu,2.0
snapdragon,smartphone,2.0
snapdragon,smartphones,2.0
snapdragon,android,2.0
snapdragon,technews,2.0
snapdragon,techno,2.0
snapdragon,flyme8,2.0
snapdragon,selfie,2.0
iwce2020,wireless,2.0
iwce2020,uav,2.0
iwce2020,att,2.0
iwce2020,commercialdrones,2.0
iwce2020,tmobile,2.0
iwce2020,sprint,2.0
iwce2020,drones,2.0
iwce2020,drone,2.0
iwce2020,lasvegas,2.0
iwce2020,telecom,2.0
iwce2020,uas,2.0
iwce2020,droneinspections,2.0
iwce2020,lte,2.0
lasvegas,wireless,2.0
lasvegas,uav,2.0
lasvegas,att,2.0
lasvegas,commercialdrones,2.0
lasvegas,tmobile,2.0
lasvegas,sprint,2.0
lasvegas,drones,2.0
lasvegas,drone,2.0
lasvegas,telecom,2.0
lasvegas,uas,2.0
lasvegas,droneinspections,2.0
lasvegas,lte,2.0
wireless,uav,2.0
wireless,att,2.0
wireless,commercialdrones,2.0
wireless,tmobile,2.0
wireless,sprint,2.0
wireless,drones,2.0
wireless,drone,2.0
wireless,telecom,2.0
wireless,uas,2.0
wireless,droneinspections,2.0
wireless,lte,2.0
lte,uav,2.0
lte,att,2.0
lte,commercialdrones,2.0
lte,tmobile,2.0
lte,sprint,2.0
lte,drones,2.0
lte,drone,2.0
lte,telecom,2.0
lte,uas,2.0
lte,droneinspections,2.0
telecom,uav,2.0
telecom,att,2.0
telecom,commercialdrones,2.0
telecom,tmobile,2.0
telecom,sprint,2.0
telecom,drones,2.0
telecom,drone,2.0
telecom,uas,2.0
telecom,droneinspections,2.0
att,uav,2.0
att,commercialdrones,2.0
att,tmobile,2.0
att,sprint,2.0
att,drones,2.0
att,drone,2.0
att,uas,2.0
att,droneinspections,2.0
tmobile,uav,2.0
tmobile,commercialdrones,2.0
tmobile,sprint,2.0
tmobile,drones,2.0
tmobile,drone,2.0
tmobile,uas,2.0
tmobile,droneinspections,2.0
sprint,uav,2.0
sprint,commercialdrones,2.0
sprint,drones,2.0
sprint,drone,2.0
sprint,uas,2.0
sprint,droneinspections,2.0
commercialdrones,uav,2.0
commercialdrones,drones,2.0
commercialdrones,drone,2.0
commercialdrones,uas,2.0
commercialdrones,droneinspections,2.0
droneinspections,uav,2.0
droneinspections,drones,2.0
droneinspections,drone,2.0
droneinspections,uas,2.0
drones,uav,2.0
drones,drone,2.0
drones,uas,2.0
drone,uav,2.0
drone,uas,2.0
uav,uas,2.0
pandemia,iorestocasa,1.0
pandemia,telelavoro,1.0
pandemia,didatticaadistanza,1.0
pandemia,smartworking,1.0
pandemia,chiusuratotale,1.0
pandemia,svizzera,2.0
pandemia,oms,2.0
pandemia,covid_19italia,14.0
pandemia,daleggere,1.0
pandemia,eu,1.0
iorestocasa,telelavoro,1.0
iorestocasa,didatticaadistanza,1.0
iorestocasa,smartworking,1.0
iorestocasa,chiusuratotale,1.0
chiusuratotale,telelavoro,1.0
chiusuratotale,didatticaadistanza,1.0
chiusuratotale,smartworking,1.0
smartworking,telelavoro,1.0
smartworking,didatticaadistanza,1.0
smartworking,deglobalizzazione,2.0
smartworking,economia,2.0
smartworking,globalizzazione,2.0
smartworking,epidemia,2.0
telelavoro,didatticaadistanza,1.0
lezzi,italexit,6.0
lezzi,crisieconomica,6.0
lezzi,italia,6.0
lezzi,francia,6.0
lezzi,ue,6.0
lezzi,eurogroupe,6.0
lezzi,adessodibba,6.0
crisieconomica,italexit,6.0
crisieconomica,italia,6.0
crisieconomica,francia,6.0
crisieconomica,ue,6.0
crisieconomica,eurogroupe,6.0
crisieconomica,adessodibba,6.0
ue,italexit,6.0
ue,italia,6.0
ue,francia,6.0
ue,eurogroupe,6.0
ue,adessodibba,6.0
italia,italexit,6.0
italia,francia,6.0
italia,eurogroupe,6.0
italia,adessodibba,6.0
italia,iran,1.0
italia,eurasia,1.0
italia,guerrabattereologica,1.0
italia,bioterrorism,1.0
italia,greggio,1.0
italia,russia,1.0
italia,oil,1.0
italia,quarantena,2.0
italia,ministerodellasalute,2.0
italia,fakenews,2.0
eurogroupe,italexit,6.0
eurogroupe,francia,6.0
eurogroupe,adessodibba,6.0
italexit,francia,6.0
italexit,adessodibba,6.0
francia,adessodibba,6.0
svizzera,oms,2.0
cercasicavieumane,stop5g,3.0
cercasicavieumane,coronashow,2.0
stop5g,coronashow,2.0
stop5g,coronavirusitalla,1.0
stop5g,sarscov2,1.0
stop5g,covid19italy,1.0
stop5g,covid2019italia,1.0
stop5g,covidー19,1.0
stop5g,demonescimmia,1.0
aerei,sindaci,1.0
aerei,comuni,1.0
sindaci,comuni,1.0
meizu,fotografia,2.0
meizu,meizu17,2.0
meizu,smartphone,2.0
meizu,smartphones,2.0
meizu,android,2.0
meizu,technews,2.0
meizu,techno,2.0
meizu,flyme8,2.0
meizu,selfie,2.0
android,fotografia,2.0
android,meizu17,2.0
android,smartphone,2.0
android,smartphones,2.0
android,technews,2.0
android,techno,2.0
android,flyme8,2.0
android,selfie,2.0
smartphone,fotografia,2.0
smartphone,meizu17,2.0
smartphone,smartphones,2.0
smartphone,technews,2.0
smartphone,techno,2.0
smartphone,flyme8,2.0
smartphone,selfie,2.0
flyme8,fotografia,2.0
flyme8,meizu17,2.0
flyme8,smartphones,2.0
flyme8,technews,2.0
flyme8,techno,2.0
flyme8,selfie,2.0
meizu17,fotografia,2.0
meizu17,smartphones,2.0
meizu17,technews,2.0
meizu17,techno,2.0
meizu17,selfie,2.0
smartphones,fotografia,2.0
smartphones,technews,2.0
smartphones,techno,2.0
smartphones,selfie,2.0
techno,fotografia,2.0
techno,technews,2.0
techno,selfie,2.0
technews,fotografia,2.0
technews,selfie,2.0
fotografia,selfie,2.0
stopchemtrails,geoingineering,4.0
stopchemtrails,geoingenieria,4.0
stopchemtrails,omm,4.0
stopchemtrails,manipulacionclimatica,4.0
stopchemtrails,nwo,4.0
stopchemtrails,fumigaciones,2.0
stopchemtrails,5gstop,4.0
fumigaciones,geoingineering,2.0
fumigaciones,geoingenieria,2.0
fumigaciones,omm,2.0
fumigaciones,manipulacionclimatica,2.0
fumigaciones,nwo,2.0
fumigaciones,5gstop,2.0
manipulacionclimatica,geoingineering,4.0
manipulacionclimatica,geoingenieria,4.0
manipulacionclimatica,omm,4.0
manipulacionclimatica,nwo,4.0
manipulacionclimatica,5gstop,4.0
geoingineering,geoingenieria,4.0
geoingineering,omm,4.0
geoingineering,nwo,4.0
geoingineering,5gstop,4.0
geoingenieria,omm,4.0
geoingenieria,nwo,4.0
geoingenieria,5gstop,4.0
5gstop,omm,4.0
5gstop,nwo,4.0
omm,nwo,4.0
bioterrorism,iran,1.0
bioterrorism,eurasia,1.0
bioterrorism,guerrabattereologica,1.0
bioterrorism,greggio,1.0
bioterrorism,russia,1.0
bioterrorism,oil,1.0
guerrabattereologica,iran,1.0
guerrabattereologica,eurasia,1.0
guerrabattereologica,greggio,1.0
guerrabattereologica,russia,1.0
guerrabattereologica,oil,1.0
oil,iran,1.0
oil,eurasia,1.0
oil,greggio,1.0
oil,russia,1.0
greggio,iran,1.0
greggio,eurasia,1.0
greggio,russia,1.0
eurasia,iran,1.0
eurasia,russia,1.0
russia,iran,1.0
independencedaynet,newworldweb2020,1.0
independencedaynet,whatmediadontsay,1.0
newworldweb2020,whatmediadontsay,1.0
mes,vaccino,1.0
positivo,fottenasega,1.0
daleggere,fakenews,4.0
daleggere,eu,1.0
fakenews,quarantena,2.0
fakenews,ministerodellasalute,2.0
governo,22marzo,1.0
governo,covid19italia,1.0
governo,5gcoronavirus,1.0
governo,covidiot,1.0
governo,coronavid19,1.0
coronavid19,22marzo,1.0
coronavid19,covid19italia,1.0
coronavid19,5gcoronavirus,1.0
coronavid19,covidiot,1.0
covidiot,22marzo,1.0
covidiot,covid19italia,1.0
covidiot,5gcoronavirus,1.0
5gcoronavirus,22marzo,1.0
5gcoronavirus,covid19italia,1.0
5gcoronavirus,coronashow,1.0
covid19italia,22marzo,1.0
gunter,covid,1.0
gunter,moratoria,1.0
gunter,pauli,1.0
gunter,chigi,1.0
gunter,conte,1.0
pauli,covid,1.0
pauli,moratoria,1.0
pauli,chigi,1.0
pauli,conte,1.0
chigi,covid,1.0
chigi,moratoria,1.0
chigi,conte,1.0
conte,covid,1.0
conte,moratoria,1.0
conte,gunterpauli,1.0
covid,moratoria,1.0
covid,fakenewsmedia,1.0
covid,deeplearning,1.0
covid,checkout,1.0
covid,sensorfusion,1.0
covid,palermo,1.0
covid,amazon,1.0
covid,computervision,1.0
stayathome,restiamoacasa,2.0
decretocuraitalia,sindacati,15.0
decretocuraitalia,boccia,15.0
decretocuraitalia,gunterpauli,15.0
decretocuraitalia,palazzochigi,15.0
decretocuraitalia,confindustria,15.0
sindacati,boccia,15.0
sindacati,gunterpauli,15.0
sindacati,palazzochigi,15.0
sindacati,confindustria,15.0
boccia,gunterpauli,15.0
boccia,palazzochigi,15.0
boccia,confindustria,15.0
confindustria,gunterpauli,15.0
confindustria,palazzochigi,15.0
gunterpauli,palazzochigi,15.0
dirittiumani,lafleacasatua,3.0
coronavirusita,miwuhan,1.0
coronavirusita,matrix,1.0
miwuhan,matrix,1.0
europa,amodeo,3.0
montanari,burioni,1.0
montanari,byoblu,1.0
burioni,byoblu,1.0
quarantena,cavie,1.0
quarantena,resistenzaitaliana2020,1.0
quarantena,roma,1.0
quarantena,ministerodellasalute,2.0
cavie,resistenzaitaliana2020,1.0
cavie,roma,1.0
roma,resistenzaitaliana2020,1.0
globalizzazione,deglobalizzazione,2.0
globalizzazione,economia,2.0
globalizzazione,epidemia,2.0
deglobalizzazione,economia,2.0
deglobalizzazione,epidemia,2.0
epidemia,economia,2.0
pandemie,falsainformazione,1.0
pandemie,murdrers,1.0
falsainformazione,murdrers,1.0
covidー19,coronavirusitalla,1.0
covidー19,sarscov2,1.0
covidー19,covid19italy,1.0
covidー19,covid2019italia,1.0
covidー19,demonescimmia,1.0
report,trojan,7.0
sadefenza,sciechimiche,1.0
sadefenza,g5,1.0
sciechimiche,g5,1.0
checkout,deeplearning,1.0
checkout,sensorfusion,1.0
checkout,palermo,1.0
checkout,amazon,1.0
checkout,computervision,1.0
amazon,deeplearning,1.0
amazon,sensorfusion,1.0
amazon,palermo,1.0
amazon,computervision,1.0
computervision,deeplearning,1.0
computervision,sensorfusion,1.0
computervision,palermo,1.0
deeplearning,sensorfusion,1.0
deeplearning,palermo,1.0
sensorfusion,palermo,1.0
networking,capacità,1.0
networking,ultrabroadband,1.0
networking,network,1.0
capacità,ultrabroadband,1.0
capacità,network,1.0
network,ultrabroadband,1.0
demonescimmia,coronavirusitalla,1.0
demonescimmia,sarscov2,1.0
demonescimmia,covid19italy,1.0
demonescimmia,covid2019italia,1.0
sarscov2,coronavirusitalla,1.0
sarscov2,covid19italy,1.0
sarscov2,covid2019italia,1.0
covid2019italia,coronavirusitalla,1.0
covid2019italia,covid19italy,1.0
coronavirusitalla,covid19italy,1.0
complottismo,granbretagna,1.0
